,#Type,TimeGet,TimeStamp,Index,Hour,Min,Sec,Latitude,Longitude,BAlt,MeasuredFL,GroudSpeed,TrackAngle,Mode3A,ModeSIdent,TimeOfDay,TrackNo,X(m),Y(m),SpeedX(m/s),SpeedY(m/s),VRate(m/s),AccelX(m/s2),AccelY(m/s2),SAC,SIC,CODE,FDPCallSign
7300,MLAT,2019-12-21 15:06:00.798840,2019.12.21 15:06:00.798840,7300,15,6,0,37.45462954,126.4612788,-76,55,2.850439,232.125016,4312,AAR286,54360,1012,1956.5,-873.0,-2.25,-1.75,----,----,----,116,101,71BC19,----
7319,MLAT,2019-12-21 15:06:01.536696,2019.12.21 15:06:01.536696,7319,15,6,1,37.45461881,126.46125197,-76,----,2.358495,237.994617,4312,AAR286,54361,1012,1954.0,-874.5,-2.0,-1.25,----,----,----,116,101,71BC19,----
7338,MLAT,2019-12-21 15:06:02.798840,2019.12.21 15:06:02.798840,7338,15,6,2,37.45458663,126.46120906,-76,55,3.201562,231.340192,4312,AAR286,54362,1012,1950.0,-878.0,-2.5,-2.0,----,----,----,116,101,71BC19,----
7357,MLAT,2019-12-21 15:06:03.798840,2019.12.21 15:06:03.798840,7357,15,6,3,37.45456517,126.46117687,-76,51,3.010399,228.366461,4312,AAR286,54363,1012,1947.0,-880.5,-2.25,-2.0,----,----,----,116,101,71BC19,----
7376,MLAT,2019-12-21 15:06:04.274552,2019.12.21 15:06:04.274552,7376,15,6,4,37.45454371,126.46113932,-76,49,3.400368,233.972627,4312,AAR286,54364,1012,1944.0,-882.5,-2.75,-2.0,----,----,----,116,101,71BC19,----
7395,MLAT,2019-12-21 15:06:05.274552,2019.12.21 15:06:05.274552,7395,15,6,5,37.45452762,126.46109104,-76,51,4.031129,240.255119,4312,AAR286,54365,1012,1940.0,-885.0,-3.5,-2.0,----,----,----,116,101,71BC19,----
7414,MLAT,2019-12-21 15:06:06.798840,2019.12.21 15:06:06.798840,7414,15,6,6,37.45451689,126.46105349,-76,62,3.807887,246.801409,4312,AAR286,54366,1012,1936.5,-886.0,-3.5,-1.5,----,----,----,116,101,71BC19,----
7433,MLAT,2019-12-21 15:06:07.798840,2019.12.21 15:06:07.798840,7433,15,6,7,37.45449007,126.46101058,-76,66,4.25,241.927513,4312,AAR286,54367,1012,1932.5,-888.5,-3.75,-2.0,----,----,----,116,101,71BC19,----
7452,MLAT,2019-12-21 15:06:08.536696,2019.12.21 15:06:08.536696,7452,15,6,8,37.45449007,126.46097839,-76,----,3.482097,248.962489,4312,AAR286,54368,1012,1930.0,-888.5,-3.25,-1.25,----,----,----,116,101,71BC19,----
7471,MLAT,2019-12-21 15:06:09.536696,2019.12.21 15:06:09.536696,7471,15,6,9,37.45447934,126.4609462,-76,----,3.579455,245.224859,4312,AAR286,54369,1012,1927.0,-890.0,-3.25,-1.5,----,----,----,116,101,71BC19,----
7490,MLAT,2019-12-21 15:06:10.536696,2019.12.21 15:06:10.536696,7490,15,6,10,37.45446861,126.46091402,-76,----,3.354102,243.434949,4312,AAR286,54370,1012,1924.5,-891.0,-3.0,-1.5,----,----,----,116,101,71BC19,----
7509,MLAT,2019-12-21 15:06:11.798840,2019.12.21 15:06:11.798840,7509,15,6,11,37.45445251,126.4608711,-76,87,4.031129,240.255119,4312,AAR286,54371,1012,1920.5,-893.0,-3.5,-2.0,----,----,----,116,101,71BC19,----
7528,MLAT,2019-12-21 15:06:12.798840,2019.12.21 15:06:12.798840,7528,15,6,12,37.45444715,126.46083891,-76,89,3.400368,252.897271,4312,AAR286,54372,1012,1917.5,-893.5,-3.25,-1.0,----,----,----,116,101,71BC19,----
7547,MLAT,2019-12-21 15:06:13.798840,2019.12.21 15:06:13.798840,7547,15,6,13,37.45446861,126.46080673,-76,87,3.041381,279.462322,4312,AAR286,54373,1012,1914.5,-891.5,-3.0,0.5,----,----,----,116,101,71BC19,----
7566,MLAT,2019-12-21 15:06:14.798840,2019.12.21 15:06:14.798840,7566,15,6,14,37.45445788,126.46076918,-76,83,3.041381,260.537678,4312,AAR286,54374,1012,1911.0,-892.5,-3.0,-0.5,----,----,----,116,101,71BC19,----
7585,MLAT,2019-12-21 15:06:15.798840,2019.12.21 15:06:15.798840,7585,15,6,15,37.45445788,126.46074772,-76,89,2.5,270.0,4312,AAR286,54375,1012,1909.5,-892.5,-2.5,-0.0,----,----,----,116,101,71BC19,----
7604,MLAT,2019-12-21 15:06:16.274552,2019.12.21 15:06:16.274552,7604,15,6,16,37.45446324,126.4607209,-76,87,2.263846,276.340192,4312,AAR286,54376,1012,1907.5,-892.0,-2.25,0.25,----,----,----,116,101,71BC19,----
7623,MLAT,2019-12-21 15:06:16.422584,2019.12.21 15:06:16.422584,7623,15,6,16,37.45446861,126.46066725,-76,----,3.758324,273.814075,4312,AAR286,54376,1012,1902.5,-891.5,-3.75,0.25,----,----,----,116,101,71BC19,----
7642,MLAT,2019-12-21 15:06:17.684728,2019.12.21 15:06:17.684728,7642,15,6,17,37.45449007,126.46065652,-76,78,2.358495,302.005383,4312,AAR286,54377,1012,1901.5,-889.0,-2.0,1.25,----,----,----,116,101,71BC19,----
7661,MLAT,2019-12-21 15:06:18.422584,2019.12.21 15:06:18.422584,7661,15,6,18,37.45449543,126.46063507,-76,----,2.236068,296.565051,4312,AAR286,54378,1012,1899.5,-888.0,-2.0,1.0,----,----,----,116,101,71BC19,----
7680,MLAT,2019-12-21 15:06:19.684728,2019.12.21 15:06:19.684728,7680,15,6,19,37.45451152,126.46062434,-76,76,2.150581,305.537678,4312,AAR286,54379,1012,1898.5,-886.5,-1.75,1.25,----,----,----,116,101,71BC19,----
7699,MLAT,2019-12-21 15:06:20.684728,2019.12.21 15:06:20.684728,7699,15,6,20,37.45451152,126.46059215,-76,156,2.462214,293.962489,4312,AAR286,54380,1012,1896.0,-886.5,-2.25,1.0,----,----,----,116,101,71BC19,----
7718,MLAT,2019-12-21 15:06:21.422584,2019.12.21 15:06:21.422584,7718,15,6,21,37.45452225,126.46056533,-76,----,2.610077,286.699244,4312,AAR286,54381,1012,1893.5,-885.5,-2.5,0.75,----,----,----,116,101,71BC19,----
7737,MLAT,2019-12-21 15:06:22.422584,2019.12.21 15:06:22.422584,7737,15,6,22,37.45454371,126.4605546,-76,----,2.150581,305.537678,4312,AAR286,54382,1012,1892.5,-883.0,-1.75,1.25,----,----,----,116,101,71BC19,----
7756,MLAT,2019-12-21 15:06:23.422584,2019.12.21 15:06:23.422584,7756,15,6,23,37.45455444,126.46054387,-76,----,1.414214,315.0,4312,AAR286,54383,1012,1891.5,-882.0,-1.0,1.0,----,----,----,116,101,71BC19,----
7775,MLAT,2019-12-21 15:06:24.684728,2019.12.21 15:06:24.684728,7775,15,6,24,37.45456517,126.46053314,-76,125,1.600781,321.340192,4312,AAR286,54384,1012,1890.5,-880.5,-1.0,1.25,----,----,----,116,101,71BC19,----
7794,MLAT,2019-12-21 15:06:25.422584,2019.12.21 15:06:25.422584,7794,15,6,25,37.45458126,126.46051168,-76,----,2.150581,305.537678,4312,AAR286,54385,1012,1888.5,-878.5,-1.75,1.25,----,----,----,116,101,71BC19,----
7813,MLAT,2019-12-21 15:06:26.684728,2019.12.21 15:06:26.684728,7813,15,6,26,37.45460808,126.46049023,-76,100,2.5,323.130102,4312,AAR286,54386,1012,1887.0,-876.0,-1.5,2.0,----,----,----,116,101,71BC19,----
7832,MLAT,2019-12-21 15:06:27.422584,2019.12.21 15:06:27.422584,7832,15,6,27,37.45461881,126.46047413,-76,----,2.304886,310.601295,4312,AAR286,54387,1012,1885.0,-874.5,-1.75,1.5,----,----,----,116,101,71BC19,----
7851,MLAT,2019-12-21 15:06:28.684728,2019.12.21 15:06:28.684728,7851,15,6,28,37.45462954,126.46045804,-76,91,2.150581,305.537678,4312,AAR286,54388,1012,1884.0,-873.5,-1.75,1.25,----,----,----,116,101,71BC19,----
7870,MLAT,2019-12-21 15:06:29.684728,2019.12.21 15:06:29.684728,7870,15,6,29,37.45464563,126.46044731,-76,93,2.236068,333.434949,4312,AAR286,54389,1012,1883.0,-872.0,-1.0,2.0,----,----,----,116,101,71BC19,----
7889,MLAT,2019-12-21 15:06:30.422584,2019.12.21 15:06:30.422584,7889,15,6,30,37.45466173,126.46043122,-76,----,2.358495,327.994617,4312,AAR286,54390,1012,1881.5,-870.0,-1.25,2.0,----,----,----,116,101,71BC19,----
7908,MLAT,2019-12-21 15:06:31.684728,2019.12.21 15:06:31.684728,7908,15,6,31,37.45466709,126.46043658,-76,89,1.346291,338.198591,4312,AAR286,54391,1012,1882.0,-869.5,-0.5,1.25,----,----,----,116,101,71BC19,----
7927,MLAT,2019-12-21 15:06:32.684728,2019.12.21 15:06:32.684728,7927,15,6,32,37.45468318,126.46042585,-76,89,1.581139,341.565051,4312,AAR286,54392,1012,1881.0,-867.5,-0.5,1.5,----,----,----,116,101,71BC19,----
7946,MLAT,2019-12-21 15:06:33.684728,2019.12.21 15:06:33.684728,7946,15,6,33,37.45469391,126.46042585,-76,85,2.0,0.0,4312,AAR286,54393,1012,1881.0,-866.0,0.0,2.0,----,----,----,116,101,71BC19,----
7965,MLAT,2019-12-21 15:06:34.684728,2019.12.21 15:06:34.684728,7965,15,6,34,37.45470464,126.46040976,-76,83,1.600781,321.340192,4312,AAR286,54394,1012,1879.5,-865.0,-1.0,1.25,----,----,----,116,101,71BC19,----
7984,MLAT,2019-12-21 15:06:36.012408,2019.12.21 15:06:36.012408,7984,15,6,36,37.45471001,126.46039903,-76,----,1.25,323.130102,4312,AAR286,54396,1012,1878.5,-864.5,-0.75,1.0,----,----,----,116,101,71BC19,----
8003,MLAT,2019-12-21 15:06:37.012408,2019.12.21 15:06:37.012408,8003,15,6,37,37.45473146,126.46039367,-76,----,1.581139,341.565051,4312,AAR286,54397,1012,1878.0,-862.0,-0.5,1.5,----,----,----,116,101,71BC19,----
8022,MLAT,2019-12-21 15:06:38.274552,2019.12.21 15:06:38.274552,8022,15,6,38,37.45473683,126.4603883,-76,89,1.274755,348.690068,4312,AAR286,54398,1012,1878.0,-861.0,-0.25,1.25,----,----,----,116,101,71BC19,----
8041,MLAT,2019-12-21 15:06:39.274552,2019.12.21 15:06:39.274552,8041,15,6,39,37.45474756,126.46038294,-76,85,1.346291,338.198591,4312,AAR286,54399,1012,1877.5,-860.0,-0.5,1.25,----,----,----,116,101,71BC19,----
8060,MLAT,2019-12-21 15:06:40.274552,2019.12.21 15:06:40.274552,8060,15,6,40,37.45475829,126.46036685,-76,70,1.414214,315.0,4312,AAR286,54400,1012,1876.0,-859.0,-1.0,1.0,----,----,----,116,101,71BC19,----
8079,MLAT,2019-12-21 15:06:41.274552,2019.12.21 15:06:41.274552,8079,15,6,41,37.45475292,126.46035612,-76,72,1.030776,284.036243,4312,AAR286,54401,1012,1875.0,-859.5,-1.0,0.25,----,----,----,116,101,71BC19,----
8098,MLAT,2019-12-21 15:06:42.012408,2019.12.21 15:06:42.012408,8098,15,6,42,37.45475829,126.46037757,-76,----,0.559017,26.565051,4312,AAR286,54402,1012,1876.5,-859.0,0.25,0.5,----,----,----,116,101,71BC19,----
8117,MLAT,2019-12-21 15:06:43.274552,2019.12.21 15:06:43.274552,8117,15,6,43,37.45478511,126.46036685,-76,80,1.767767,8.130102,4312,AAR286,54403,1012,1876.0,-856.0,0.25,1.75,----,----,----,116,101,71BC19,----
8136,MLAT,2019-12-21 15:06:44.274552,2019.12.21 15:06:44.274552,8136,15,6,44,37.45477974,126.46036148,-76,89,0.707107,315.0,4312,AAR286,54404,1012,1875.5,-856.5,-0.5,0.5,----,----,----,116,101,71BC19,----
8155,MLAT,2019-12-21 15:06:45.274552,2019.12.21 15:06:45.274552,8155,15,6,45,37.45476902,126.46034002,-76,89,1.346291,248.198591,4312,AAR286,54405,1012,1873.5,-858.0,-1.25,-0.5,----,----,----,116,101,71BC19,----
8174,MLAT,2019-12-21 15:06:45.684728,2019.12.21 15:06:45.684728,8174,15,6,45,37.45477974,126.46035075,-76,95,0.353553,315.0,4312,AAR286,54405,1012,1874.0,-857.0,-0.25,0.25,----,----,----,116,101,71BC19,----
8193,MLAT,2019-12-21 15:06:46.684728,2019.12.21 15:06:46.684728,8193,15,6,46,37.45477974,126.46034539,-76,99,0.559017,296.565051,4312,AAR286,54406,1012,1874.0,-856.5,-0.5,0.25,----,----,----,116,101,71BC19,----
8212,MLAT,2019-12-21 15:06:47.422584,2019.12.21 15:06:47.422584,8212,15,6,47,37.45479047,126.46034002,-76,----,0.901388,326.309932,4312,AAR286,54407,1012,1873.5,-855.5,-0.5,0.75,----,----,----,116,101,71BC19,----
8231,MLAT,2019-12-21 15:06:48.684728,2019.12.21 15:06:48.684728,8231,15,6,48,37.4548173,126.46033466,-76,89,2.061553,345.963757,4312,AAR286,54408,1012,1873.0,-852.5,-0.5,2.0,----,----,----,116,101,71BC19,----
8250,MLAT,2019-12-21 15:06:49.684728,2019.12.21 15:06:49.684728,8250,15,6,49,37.4548173,126.46033466,-76,85,1.030776,345.963757,4312,AAR286,54409,1012,1873.0,-852.0,-0.25,1.0,----,----,----,116,101,71BC19,----
8269,MLAT,2019-12-21 15:06:50.684728,2019.12.21 15:06:50.684728,8269,15,6,50,37.45481193,126.46034002,-76,89,0.25,0.0,4312,AAR286,54410,1012,1873.5,-853.0,0.0,0.25,----,----,----,116,101,71BC19,----
8288,MLAT,2019-12-21 15:06:51.422584,2019.12.21 15:06:51.422584,8288,15,6,51,37.45482266,126.46032393,-76,----,0.901388,303.690068,4312,AAR286,54411,1012,1872.0,-852.0,-0.75,0.5,----,----,----,116,101,71BC19,----
8307,MLAT,2019-12-21 15:06:52.684728,2019.12.21 15:06:52.684728,8307,15,6,52,37.45484948,126.46030784,-76,34,1.414214,315.0,4312,AAR286,54412,1012,1871.0,-848.5,-1.0,1.0,----,----,----,116,101,71BC19,----
8326,MLAT,2019-12-21 15:06:53.684728,2019.12.21 15:06:53.684728,8326,15,6,53,37.45486021,126.4603132,-76,32,1.0,0.0,4312,AAR286,54413,1012,1871.0,-848.0,0.0,1.0,----,----,----,116,101,71BC19,----
8345,MLAT,2019-12-21 15:06:54.684728,2019.12.21 15:06:54.684728,8345,15,6,54,37.45487094,126.46030247,-76,36,1.457738,329.036243,4312,AAR286,54414,1012,1870.0,-846.5,-0.75,1.25,----,----,----,116,101,71BC19,----
8364,MLAT,2019-12-21 15:06:55.422584,2019.12.21 15:06:55.422584,8364,15,6,55,37.45488703,126.46028101,-76,----,1.802776,303.690068,4312,AAR286,54415,1012,1868.0,-845.0,-1.5,1.0,----,----,----,116,101,71BC19,----
8383,MLAT,2019-12-21 15:06:56.684728,2019.12.21 15:06:56.684728,8383,15,6,56,37.45488703,126.46028101,-76,93,0.901388,326.309932,4312,AAR286,54416,1012,1868.5,-844.5,-0.5,0.75,----,----,----,116,101,71BC19,----
8402,MLAT,2019-12-21 15:06:57.684728,2019.12.21 15:06:57.684728,8402,15,6,57,37.45491385,126.4602381,-76,93,3.051639,304.99202,4312,AAR286,54417,1012,1864.5,-841.5,-2.5,1.75,----,----,----,116,101,71BC19,----
8421,MLAT,2019-12-21 15:06:58.684728,2019.12.21 15:06:58.684728,8421,15,6,58,37.45494068,126.46022201,-76,91,2.828427,315.0,4312,AAR286,54418,1012,1863.0,-839.0,-2.0,2.0,----,----,----,116,101,71BC19,----
8440,MLAT,2019-12-21 15:06:59.684728,2019.12.21 15:06:59.684728,8440,15,6,59,37.45498359,126.46017909,-76,87,4.609772,319.398705,4312,AAR286,54419,1012,1859.0,-834.0,-3.0,3.5,----,----,----,116,101,71BC19,----
8459,MLAT,2019-12-21 15:07:00.422584,2019.12.21 15:07:00.422584,8459,15,7,0,37.45503187,126.4601469,-76,----,5.0,323.130102,4312,AAR286,54420,1012,1856.5,-829.0,-3.0,4.0,----,----,----,116,101,71BC19,----
8478,MLAT,2019-12-21 15:07:01.684728,2019.12.21 15:07:01.684728,8478,15,7,1,37.45506942,126.46010399,-76,91,5.153882,320.906141,4312,AAR286,54421,1012,1852.5,-824.5,-3.25,4.0,----,----,----,116,101,71BC19,----
8497,MLAT,2019-12-21 15:07:02.684728,2019.12.21 15:07:02.684728,8497,15,7,2,37.45513916,126.46003962,-76,83,7.5,323.130102,4312,AAR286,54422,1012,1847.0,-816.5,-4.5,6.0,----,----,----,116,101,71BC19,----
8516,MLAT,2019-12-21 15:07:03.684728,2019.12.21 15:07:03.684728,8516,15,7,3,37.45521963,126.45998597,-76,70,9.397473,331.38954,4312,AAR286,54423,1012,1842.0,-807.5,-4.5,8.25,----,----,----,116,101,71BC19,----
8535,MLAT,2019-12-21 15:07:04.684728,2019.12.21 15:07:04.684728,8535,15,7,4,37.45531082,126.45993769,-76,51,10.511898,334.653824,4312,AAR286,54424,1012,1837.5,-797.5,-4.5,9.5,----,----,----,116,101,71BC19,----
8554,MLAT,2019-12-21 15:07:05.684728,2019.12.21 15:07:05.684728,8554,15,7,5,37.45539129,126.45983577,-76,55,11.205467,321.340192,4312,AAR286,54425,1012,1829.0,-789.0,-7.0,8.75,----,----,----,116,101,71BC19,----
8573,MLAT,2019-12-21 15:07:06.684728,2019.12.21 15:07:06.684728,8573,15,7,6,37.45549321,126.45973921,-76,47,13.200379,322.696052,4312,AAR286,54426,1012,1820.0,-777.5,-8.0,10.5,----,----,----,116,101,71BC19,----
8592,MLAT,2019-12-21 15:07:07.422584,2019.12.21 15:07:07.422584,8592,15,7,7,37.45561123,126.4596051,-76,----,15.572412,317.602562,4312,AAR286,54427,1012,1808.5,-764.5,-10.5,11.5,----,----,----,116,101,71BC19,----
8611,MLAT,2019-12-21 15:07:08.684728,2019.12.21 15:07:08.684728,8611,15,7,8,37.45577753,126.45948172,-76,36,18.454336,324.372093,4312,AAR286,54428,1012,1797.0,-745.5,-10.75,15.0,----,----,----,116,101,71BC19,----
8630,MLAT,2019-12-21 15:07:09.684728,2019.12.21 15:07:09.684728,8630,15,7,9,37.45592773,126.45935833,-76,30,19.275957,326.103833,4312,AAR286,54429,1012,1786.5,-729.5,-10.75,16.0,----,----,----,116,101,71BC19,----
8649,MLAT,2019-12-21 15:07:10.422584,2019.12.21 15:07:10.422584,8649,15,7,10,37.45609939,126.45920813,-76,----,21.078721,326.12146,4312,AAR286,54430,1012,1773.5,-710.0,-11.75,17.5,----,----,----,116,101,71BC19,----
8668,MLAT,2019-12-21 15:07:11.684728,2019.12.21 15:07:11.684728,8668,15,7,11,37.45631933,126.45902038,-76,22,25.458299,324.593134,4312,AAR286,54431,1012,1756.5,-686.0,-14.75,20.75,----,----,----,116,101,71BC19,----
8687,MLAT,2019-12-21 15:07:12.684728,2019.12.21 15:07:12.684728,8687,15,7,12,37.45650172,126.45883799,-76,17,25.900048,323.240712,4312,AAR286,54432,1012,1740.5,-665.5,-15.5,20.75,----,----,----,116,101,71BC19,----
8706,MLAT,2019-12-21 15:07:13.422584,2019.12.21 15:07:13.422584,8706,15,7,13,37.45672703,126.45864487,-76,----,27.754504,324.162347,4312,AAR286,54433,1012,1723.5,-640.5,-16.25,22.5,----,----,----,116,101,71BC19,----
8725,MLAT,2019-12-21 15:07:14.422584,2019.12.21 15:07:14.422584,8725,15,7,14,37.45697916,126.45841956,-76,----,29.702693,323.901716,4312,AAR286,54434,1012,1703.5,-612.5,-17.5,24.0,----,----,----,116,101,71BC19,----
8744,MLAT,2019-12-21 15:07:15.684728,2019.12.21 15:07:15.684728,8744,15,7,15,37.45722055,126.45819426,-76,70,32.000977,323.577717,4312,AAR286,54435,1012,1683.5,-586.0,-19.0,25.75,----,----,----,116,101,71BC19,----
8763,MLAT,2019-12-21 15:07:17.012408,2019.12.21 15:07:17.012408,8763,15,7,17,37.45749414,126.45795286,-76,----,34.961586,324.605204,4312,AAR286,54437,1012,1662.5,-555.5,-20.25,28.5,----,----,----,116,101,71BC19,----
8782,MLAT,2019-12-21 15:07:18.012408,2019.12.21 15:07:18.012408,8782,15,7,18,37.45779455,126.45769536,-76,----,37.316216,324.819301,4312,AAR286,54438,1012,1639.5,-522.0,-21.5,30.5,----,----,----,116,101,71BC19,----
8801,MLAT,2019-12-21 15:07:19.274552,2019.12.21 15:07:19.274552,8801,15,7,19,37.45806813,126.45745397,-76,110,38.013156,324.637538,4312,AAR286,54439,1012,1618.0,-491.5,-22.0,31.0,----,----,----,116,101,71BC19,----
8820,MLAT,2019-12-21 15:07:20.274552,2019.12.21 15:07:20.274552,8820,15,7,20,37.45839,126.45718038,-76,112,40.777598,325.238198,4312,AAR286,54440,1012,1594.0,-456.5,-23.25,33.5,----,----,----,116,101,71BC19,----
8839,MLAT,2019-12-21 15:07:21.274552,2019.12.21 15:07:21.274552,8839,15,7,21,37.45873868,126.45687997,-76,114,43.545953,325.762537,4312,AAR286,54441,1012,1567.0,-417.0,-24.5,36.0,----,----,----,116,101,71BC19,----
8858,MLAT,2019-12-21 15:07:22.274552,2019.12.21 15:07:22.274552,8858,15,7,22,37.45906591,126.45658493,-76,121,44.464874,324.612115,4312,AAR286,54442,1012,1541.0,-381.0,-25.75,36.25,----,----,----,116,101,71BC19,----
8877,MLAT,2019-12-21 15:07:23.274552,2019.12.21 15:07:23.274552,8877,15,7,23,37.45942533,126.45626843,-76,112,46.471093,324.856471,4312,AAR286,54443,1012,1513.0,-341.5,-26.75,38.0,----,----,----,116,101,71BC19,----
8896,MLAT,2019-12-21 15:07:24.012408,2019.12.21 15:07:24.012408,8896,15,7,24,37.45981157,126.45593047,-76,----,48.95406,325.823011,4312,AAR286,54444,1012,1483.0,-298.5,-27.5,40.5,----,----,----,116,101,71BC19,----
8915,MLAT,2019-12-21 15:07:25.012408,2019.12.21 15:07:25.012408,8915,15,7,25,37.46019244,126.45559251,-76,----,51.181662,325.145544,4312,AAR286,54445,1012,1453.5,-256.0,-29.25,42.0,----,----,----,116,101,71BC19,----
8934,MLAT,2019-12-21 15:07:26.798840,2019.12.21 15:07:26.798840,8934,15,7,26,37.46060014,126.455217,-76,120,53.358458,324.150257,4312,AAR286,54446,1012,1420.0,-211.0,-31.25,43.25,----,----,----,116,101,71BC19,----
8953,MLAT,2019-12-21 15:07:27.536696,2019.12.21 15:07:27.536696,8953,15,7,27,37.4610132,126.45483613,-76,----,56.905624,323.935614,4312,AAR286,54447,1012,1386.5,-165.0,-33.5,46.0,----,----,----,116,101,71BC19,----
8972,MLAT,2019-12-21 15:07:28.536696,2019.12.21 15:07:28.536696,8972,15,7,28,37.46142089,126.45446062,-76,----,57.80625,323.972627,4312,AAR286,54448,1012,1353.0,-119.5,-34.0,46.75,----,----,----,116,101,71BC19,----
8991,MLAT,2019-12-21 15:07:29.536696,2019.12.21 15:07:29.536696,8991,15,7,29,37.4618876,126.45404756,-76,----,61.262754,324.299242,4312,AAR286,54449,1012,1316.5,-68.0,-35.75,49.75,----,----,----,116,101,71BC19,----
9010,MLAT,2019-12-21 15:07:30.864376,2019.12.21 15:07:30.864376,9010,15,7,30,37.46232748,126.45365596,-76,93,61.206617,323.972627,4312,AAR286,54450,1012,1282.0,-19.0,-36.0,49.5,----,----,----,116,101,71BC19,----
9029,MLAT,2019-12-21 15:07:31.798840,2019.12.21 15:07:31.798840,9029,15,7,31,37.46277809,126.45324826,-76,95,63.302844,323.673174,4312,AAR286,54451,1012,1246.0,31.0,-37.5,51.0,----,----,----,116,101,71BC19,----
9048,MLAT,2019-12-21 15:07:32.798840,2019.12.21 15:07:32.798840,9048,15,7,32,37.46328235,126.45280838,-76,83,65.912821,324.260222,4312,AAR286,54452,1012,1207.0,87.0,-38.5,53.5,----,----,----,116,101,71BC19,----
9067,MLAT,2019-12-21 15:07:33.798840,2019.12.21 15:07:33.798840,9067,15,7,33,37.46376514,126.45238459,-76,85,67.162583,324.23919,4312,AAR286,54453,1012,1169.0,140.5,-39.25,54.5,----,----,----,116,101,71BC19,----
9086,MLAT,2019-12-21 15:07:34.798840,2019.12.21 15:07:34.798840,9086,15,7,34,37.46425867,126.45195007,-76,89,67.976558,324.731775,4312,AAR286,54454,1012,1130.5,195.0,-39.25,55.5,----,----,----,116,101,71BC19,----
9105,MLAT,2019-12-21 15:07:35.798840,2019.12.21 15:07:35.798840,9105,15,7,35,37.46480048,126.451478,-76,121,70.740724,325.074333,4312,AAR286,54455,1012,1089.0,255.5,-40.5,58.0,----,----,----,116,101,71BC19,----
9124,MLAT,2019-12-21 15:07:36.798840,2019.12.21 15:07:36.798840,9124,15,7,36,37.46531546,126.45101666,-76,133,72.052498,325.31742,4312,AAR286,54456,1012,1048.5,312.5,-41.0,59.25,----,----,----,116,101,71BC19,----
9143,MLAT,2019-12-21 15:07:36.684728,2019.12.21 15:07:36.684728,9143,15,7,36,37.46585727,126.4505285,-76,121,74.369433,324.439932,4312,AAR286,54456,1012,1005.5,372.5,-43.25,60.5,----,----,----,116,101,71BC19,----
9162,MLAT,2019-12-21 15:07:37.684728,2019.12.21 15:07:37.684728,9162,15,7,37,37.46643126,126.45002961,-76,129,75.38982,324.992415,4312,AAR286,54457,1012,961.0,436.0,-43.25,61.75,----,----,----,116,101,71BC19,----
9181,MLAT,2019-12-21 15:07:38.684728,2019.12.21 15:07:38.684728,9181,15,7,38,37.46701062,126.44953609,-76,106,78.979823,325.706312,4312,AAR286,54458,1012,917.5,500.5,-44.5,65.25,----,----,----,116,101,71BC19,----
9200,MLAT,2019-12-21 15:07:39.684728,2019.12.21 15:07:39.684728,9200,15,7,39,37.46755242,126.4490211,-76,102,78.101296,323.460228,4312,AAR286,54459,1012,872.0,561.0,-46.5,62.75,----,----,----,116,101,71BC19,----
9219,MLAT,2019-12-21 15:07:40.684728,2019.12.21 15:07:40.684728,9219,15,7,40,37.46816933,126.4484632,-76,99,81.608823,323.972627,4312,AAR286,54460,1012,822.5,629.5,-48.0,66.0,----,----,----,116,101,71BC19,----
9238,MLAT,2019-12-21 15:07:41.684728,2019.12.21 15:07:41.684728,9238,15,7,41,37.46874869,126.44794822,-76,100,80.327455,324.628156,4312,AAR286,54461,1012,777.0,693.5,-46.5,65.5,----,----,----,116,101,71BC19,----
9257,MLAT,2019-12-21 15:07:42.684728,2019.12.21 15:07:42.684728,9257,15,7,42,37.46936023,126.44741178,-76,97,82.804363,325.206381,4312,AAR286,54462,1012,729.5,761.5,-47.25,68.0,----,----,----,116,101,71BC19,----
9276,MLAT,2019-12-21 15:07:43.684728,2019.12.21 15:07:43.684728,9276,15,7,43,37.47000396,126.44684851,-68,104,83.787305,324.839916,4312,AAR286,54463,1012,679.5,832.5,-48.25,68.5,----,----,----,116,101,71BC19,----
9295,MLAT,2019-12-21 15:07:44.684728,2019.12.21 15:07:44.684728,9295,15,7,44,37.47062624,126.44628525,-68,137,86.023253,324.462322,4312,AAR286,54464,1012,630.0,902.0,-50.0,70.0,----,----,----,116,101,71BC19,----
9314,MLAT,2019-12-21 15:07:45.684728,2019.12.21 15:07:45.684728,9314,15,7,45,37.4712646,126.44572735,-76,125,88.149376,325.047916,4312,AAR286,54465,1012,580.5,973.0,-50.5,72.25,----,----,----,116,101,71BC19,----
9333,MLAT,2019-12-21 15:07:47.274552,2019.12.21 15:07:47.274552,9333,15,7,47,37.47195661,126.4451158,-76,112,90.179335,324.591574,4312,AAR286,54467,1012,526.0,1049.5,-52.25,73.5,----,----,----,116,101,71BC19,----
9352,MLAT,2019-12-21 15:07:48.274552,2019.12.21 15:07:48.274552,9352,15,7,48,37.47258425,126.44454181,-68,112,88.581177,324.6503,4312,AAR286,54468,1012,475.5,1119.5,-51.25,72.25,----,----,----,116,101,71BC19,----
9371,MLAT,2019-12-21 15:07:49.012408,2019.12.21 15:07:49.012408,9371,15,7,49,37.4732548,126.44394636,-68,----,91.37081,324.352979,4312,AAR286,54469,1012,422.5,1194.0,-53.25,74.25,----,----,----,116,101,71BC19,----
9390,MLAT,2019-12-21 15:07:50.012408,2019.12.21 15:07:50.012408,9390,15,7,50,37.4739629,126.44330263,-76,----,93.409047,323.92753,4312,AAR286,54470,1012,366.0,1272.0,-55.0,75.5,----,----,----,116,101,71BC19,----
9409,MLAT,2019-12-21 15:07:51.012408,2019.12.21 15:07:51.012408,9409,15,7,51,37.47467637,126.44268572,-76,----,96.546621,324.910745,4312,AAR286,54471,1012,311.0,1351.5,-55.5,79.0,----,----,----,116,101,71BC19,----
9428,MLAT,2019-12-21 15:07:52.012408,2019.12.21 15:07:52.012408,9428,15,7,52,37.47538447,126.44206345,-76,----,97.243252,324.839037,4312,AAR286,54472,1012,256.5,1430.0,-56.0,79.5,----,----,----,116,101,71BC19,----
9447,MLAT,2019-12-21 15:07:53.274552,2019.12.21 15:07:53.274552,9447,15,7,53,37.47611403,126.4413929,-76,152,98.463826,324.090277,4312,AAR286,54473,1012,197.0,1511.0,-57.75,79.75,----,----,----,116,101,71BC19,----
9466,MLAT,2019-12-21 15:07:54.012408,2019.12.21 15:07:54.012408,9466,15,7,54,37.4768275,126.44078672,-83,----,97.714508,325.212135,4312,AAR286,54474,1012,143.5,1590.0,-55.75,80.25,----,----,----,116,101,71BC19,----
9484,MLAT,2019-12-21 15:07:55.274552,2019.12.21 15:07:55.274552,9484,15,7,55,37.47758389,126.44013226,-83,123,98.537429,325.543884,4312,AAR286,54475,1012,85.5,1674.0,-55.75,81.25,----,----,----,116,101,71BC19,----
9502,MLAT,2019-12-21 15:07:56.274552,2019.12.21 15:07:56.274552,9502,15,7,56,37.47830808,126.43950462,-76,102,98.473347,325.341645,4312,AAR286,54476,1012,30.0,1755.0,-56.0,81.0,----,----,----,116,101,71BC19,----
9520,MLAT,2019-12-21 15:07:56.422584,2019.12.21 15:07:56.422584,9520,15,7,56,37.47904837,126.43881261,-76,----,102.618529,324.218926,4312,AAR286,54476,1012,-31.0,1836.5,-60.0,83.25,----,----,----,116,101,71BC19,----
9538,MLAT,2019-12-21 15:07:57.684728,2019.12.21 15:07:57.684728,9538,15,7,57,37.47979403,126.43814206,-60,121,98.869232,324.260222,4312,AAR286,54477,1012,-91.0,1919.5,-57.75,80.25,----,----,----,116,101,71BC19,----
9556,MLAT,2019-12-21 15:07:58.422584,2019.12.21 15:07:58.422584,9556,15,7,58,37.48052359,126.43746614,-53,----,102.450598,322.934364,4312,AAR286,54478,1012,-150.5,2000.5,-61.75,81.75,----,----,----,116,101,71BC19,----
9574,MLAT,2019-12-21 15:08:00.274552,2019.12.21 15:08:00.274552,9574,15,8,0,37.48130143,126.43679023,-53,62,104.536178,324.637538,4312,AAR286,54480,1012,-210.0,2087.0,-60.5,85.25,----,----,----,116,101,71BC19,----
9592,MLAT,2019-12-21 15:08:01.274552,2019.12.21 15:08:01.274552,9592,15,8,1,37.48202026,126.43612504,-30,81,98.408587,323.887015,4312,AAR286,54481,1012,-269.0,2167.0,-58.0,79.5,----,----,----,116,101,71BC19,----
9610,MLAT,2019-12-21 15:08:02.012408,2019.12.21 15:08:02.012408,9610,15,8,2,37.48274446,126.43544376,-22,----,99.351019,323.389618,4312,AAR286,54482,1012,-329.0,2247.0,-59.25,79.75,----,----,----,116,101,71BC19,----
9628,MLAT,2019-12-21 15:08:03.274552,2019.12.21 15:08:03.274552,9628,15,8,3,37.48348475,126.43477857,-15,74,101.515085,324.117863,4312,AAR286,54483,1012,-388.0,2329.0,-59.5,82.25,----,----,----,116,101,71BC19,----
9646,MLAT,2019-12-21 15:08:04.012408,2019.12.21 15:08:04.012408,9646,15,8,4,37.48424649,126.43405974,-7,----,101.352417,323.525824,4312,AAR286,54484,1012,-451.5,2414.0,-60.25,81.5,----,----,----,116,101,71BC19,----
9664,MLAT,2019-12-21 15:08:05.274552,2019.12.21 15:08:05.274552,9664,15,8,5,37.48499215,126.43339455,7,108,102.793786,324.802497,4312,AAR286,54485,1012,-510.5,2496.5,-59.25,84.0,----,----,----,116,101,71BC19,----
9682,MLAT,2019-12-21 15:08:06.536696,2019.12.21 15:08:06.536696,9682,15,8,6,37.48573244,126.43271327,15,----,103.260895,323.962428,4312,AAR286,54486,1012,-571.0,2579.0,-60.75,83.5,----,----,----,116,101,71BC19,----
9700,MLAT,2019-12-21 15:08:07.536696,2019.12.21 15:08:07.536696,9700,15,8,7,37.48648345,126.43200517,30,----,101.650443,323.299199,4312,AAR286,54487,1012,-633.0,2662.0,-60.75,81.5,----,----,----,116,101,71BC19,----
9718,MLAT,2019-12-21 15:08:08.798840,2019.12.21 15:08:08.798840,9718,15,8,8,37.48720765,126.43133461,38,148,102.000306,323.270533,4312,AAR286,54488,1012,-693.0,2742.0,-61.0,81.75,----,----,----,116,101,71BC19,----
9736,MLAT,2019-12-21 15:08:09.536696,2019.12.21 15:08:09.536696,9736,15,8,9,37.48793721,126.43066406,45,----,102.360271,323.941762,4312,AAR286,54489,1012,-752.0,2823.5,-60.25,82.75,----,----,----,116,101,71BC19,----
9754,MLAT,2019-12-21 15:08:10.798840,2019.12.21 15:08:10.798840,9754,15,8,10,37.48869896,126.42995596,53,161,101.100198,323.243447,4312,AAR286,54490,1012,-814.5,2908.0,-60.5,81.0,----,----,----,116,101,71BC19,----
9772,MLAT,2019-12-21 15:08:11.798840,2019.12.21 15:08:11.798840,9772,15,8,11,37.48944998,126.42926931,60,190,104.217321,324.174727,4312,AAR286,54491,1012,-875.5,2991.0,-61.0,84.5,----,----,----,116,101,71BC19,----
9790,MLAT,2019-12-21 15:08:12.536696,2019.12.21 15:08:12.536696,9790,15,8,12,37.49015808,126.42860413,68,----,101.650443,323.299199,4312,AAR286,54492,1012,-934.0,3069.5,-60.75,81.5,----,----,----,116,101,71BC19,----
9808,MLAT,2019-12-21 15:08:14.323128,2019.12.21 15:08:14.323128,9808,15,8,14,37.49094665,126.42786384,76,207,102.709542,323.911106,4312,AAR286,54494,1012,-1000.0,3157.0,-60.5,83.0,----,----,----,116,101,71BC19,----
9826,MLAT,2019-12-21 15:08:15.060984,2019.12.21 15:08:15.060984,9826,15,8,15,37.49165475,126.42724693,91,----,99.682621,324.595956,4312,AAR286,54495,1012,-1054.0,3236.0,-57.75,81.25,----,----,----,116,101,71BC19,----
9844,MLAT,2019-12-21 15:08:16.323128,2019.12.21 15:08:16.323128,9844,15,8,16,37.49237359,126.42658174,99,205,101.110398,323.951796,4312,AAR286,54496,1012,-1113.0,3315.5,-59.5,81.75,----,----,----,116,101,71BC19,----
9862,MLAT,2019-12-21 15:08:16.798840,2019.12.21 15:08:16.798840,9862,15,8,16,37.49314606,126.42585754,106,201,103.050049,323.185702,4312,AAR286,54496,1012,-1177.0,3401.5,-61.75,82.5,----,----,----,116,101,71BC19,----
9880,MLAT,2019-12-21 15:08:17.798840,2019.12.21 15:08:17.798840,9880,15,8,17,37.49387026,126.42518163,114,203,103.100982,323.380179,4312,AAR286,54497,1012,-1237.0,3482.0,-61.5,82.75,----,----,----,116,101,71BC19,----
9898,MLAT,2019-12-21 15:08:18.798840,2019.12.21 15:08:18.798840,9898,15,8,18,37.49458373,126.4245218,121,211,100.653179,323.585499,4312,AAR286,54498,1012,-1295.0,3561.5,-59.75,81.0,----,----,----,116,101,71BC19,----
9916,MLAT,2019-12-21 15:08:19.798840,2019.12.21 15:08:19.798840,9916,15,8,19,37.49540448,126.4238137,137,219,104.94433,324.795526,4312,AAR286,54499,1012,-1358.0,3652.0,-60.5,85.75,----,----,----,116,101,71BC19,----
9934,MLAT,2019-12-21 15:08:20.798840,2019.12.21 15:08:20.798840,9934,15,8,20,37.49614477,126.42313778,144,222,104.07119,324.286323,4312,AAR286,54500,1012,-1417.5,3734.5,-60.75,84.5,----,----,----,116,101,71BC19,----
9952,MLAT,2019-12-21 15:08:21.798840,2019.12.21 15:08:21.798840,9952,15,8,21,37.49690652,126.42248869,160,257,102.363324,325.145544,4312,AAR286,54501,1012,-1475.0,3819.0,-58.5,84.0,----,----,----,116,101,71BC19,----
9970,MLAT,2019-12-21 15:08:22.798840,2019.12.21 15:08:22.798840,9970,15,8,22,37.49770582,126.42180741,167,268,103.264527,325.155708,4312,AAR286,54502,1012,-1535.5,3907.5,-59.0,84.75,----,----,----,116,101,71BC19,----
9988,MLAT,2019-12-21 15:08:23.798840,2019.12.21 15:08:23.798840,9988,15,8,23,37.49844074,126.42115295,175,270,102.774024,325.304846,4312,AAR286,54503,1012,-1593.0,3989.5,-58.5,84.5,----,----,----,116,101,71BC19,----
10006,MLAT,2019-12-21 15:08:24.798840,2019.12.21 15:08:24.798840,10006,15,8,24,37.49924541,126.4204663,190,270,103.383388,326.04094,4312,AAR286,54504,1012,-1653.5,4078.5,-57.75,85.75,----,----,----,116,101,71BC19,----
10024,MLAT,2019-12-21 15:08:25.798840,2019.12.21 15:08:25.798840,10024,15,8,25,37.49998033,126.4198494,198,274,100.816975,326.428149,4312,AAR286,54505,1012,-1708.0,4160.0,-55.75,84.0,----,----,----,116,101,71BC19,----
10042,MLAT,2019-12-21 15:08:26.798840,2019.12.21 15:08:26.798840,10042,15,8,26,37.50082254,126.41918421,213,278,108.662609,327.114288,4312,AAR286,54506,1012,-1767.0,4253.5,-59.0,91.25,----,----,----,116,101,71BC19,----
10060,MLAT,2019-12-21 15:08:27.798840,2019.12.21 15:08:27.798840,10060,15,8,27,37.50154674,126.41857266,220,299,100.613431,326.862735,4312,AAR286,54507,1012,-1821.5,4334.0,-55.0,84.25,----,----,----,116,101,71BC19,----
10078,MLAT,2019-12-21 15:08:28.798840,2019.12.21 15:08:28.798840,10078,15,8,28,37.5023514,126.41798258,236,308,103.33078,329.464171,4312,AAR286,54508,1012,-1873.5,4423.5,-52.5,89.0,----,----,----,116,101,71BC19,----
10096,MLAT,2019-12-21 15:08:29.798840,2019.12.21 15:08:29.798840,10096,15,8,29,37.50316143,126.41734958,243,327,105.655691,328.152694,4312,AAR286,54509,1012,-1929.0,4513.5,-55.75,89.75,----,----,----,116,101,71BC19,----
10114,MLAT,2019-12-21 15:08:30.274552,2019.12.21 15:08:30.274552,10114,15,8,30,37.50392318,126.4167434,259,337,98.483818,328.811751,4312,AAR286,54510,1012,-1982.5,4598.0,-51.0,84.25,----,----,----,116,101,71BC19,----
10132,MLAT,2019-12-21 15:08:31.274552,2019.12.21 15:08:31.274552,10132,15,8,31,37.50472784,126.41615331,266,363,103.285103,328.964891,4312,AAR286,54511,1012,-2035.0,4687.0,-53.25,88.5,----,----,----,116,101,71BC19,----
10150,MLAT,2019-12-21 15:08:32.274552,2019.12.21 15:08:32.274552,10150,15,8,32,37.50551641,126.41557395,281,375,101.460583,330.150053,4312,AAR286,54512,1012,-2086.0,4775.0,-50.5,88.0,----,----,----,116,101,71BC19,----
10168,MLAT,2019-12-21 15:08:33.798840,2019.12.21 15:08:33.798840,10168,15,8,33,37.50634253,126.41492486,297,379,101.627383,328.069318,4312,AAR286,54513,1012,-2143.5,4866.5,-53.75,86.25,----,----,----,116,101,71BC19,----
10186,MLAT,2019-12-21 15:08:34.798840,2019.12.21 15:08:34.798840,10186,15,8,34,37.50709355,126.41435087,304,407,99.170623,328.714221,4312,AAR286,54514,1012,-2194.0,4950.0,-51.5,84.75,----,----,----,116,101,71BC19,----
10204,MLAT,2019-12-21 15:08:35.798840,2019.12.21 15:08:35.798840,10204,15,8,35,37.50782311,126.41380906,320,419,97.12138,329.870957,4312,AAR286,54515,1012,-2242.5,5031.0,-48.75,84.0,----,----,----,116,101,71BC19,----
10222,MLAT,2019-12-21 15:08:37.323128,2019.12.21 15:08:37.323128,10222,15,8,37,37.50864923,126.4131546,327,428,101.203384,327.919603,4312,AAR286,54517,1012,-2300.0,5122.5,-53.75,85.75,----,----,----,116,101,71BC19,----
10240,MLAT,2019-12-21 15:08:38.323128,2019.12.21 15:08:38.323128,10240,15,8,38,37.50943244,126.41258597,342,441,101.746314,329.591558,4312,AAR286,54518,1012,-2350.0,5209.5,-51.5,87.75,----,----,----,116,101,71BC19,----
10258,MLAT,2019-12-21 15:08:39.323128,2019.12.21 15:08:39.323128,10258,15,8,39,37.51026392,126.41198516,358,457,105.43511,329.66533,4312,AAR286,54519,1012,-2403.5,5302.0,-53.25,91.0,----,----,----,116,101,71BC19,----
10276,MLAT,2019-12-21 15:08:40.388664,2019.12.21 15:08:40.388664,10276,15,8,40,37.51107395,126.41134143,365,468,103.561878,327.921311,4312,AAR286,54520,1012,-2460.5,5392.0,-55.0,87.75,----,----,----,116,101,71BC19,----
10294,MLAT,2019-12-21 15:08:41.388664,2019.12.21 15:08:41.388664,10294,15,8,41,37.51183569,126.41076207,381,487,101.1413,329.060532,4312,AAR286,54521,1012,-2511.5,5476.5,-52.0,86.75,----,----,----,116,101,71BC19,----
10312,MLAT,2019-12-21 15:08:42.388664,2019.12.21 15:08:42.388664,10312,15,8,42,37.51255989,126.41015589,388,506,99.995312,327.144278,4312,AAR286,54522,1012,-2565.0,5557.0,-54.25,84.0,----,----,----,116,101,71BC19,----
10330,MLAT,2019-12-21 15:08:43.323128,2019.12.21 15:08:43.323128,10330,15,8,43,37.51335382,126.40952289,396,533,100.280856,327.419256,4312,AAR286,54523,1012,-2621.0,5645.5,-54.0,84.5,----,----,----,116,101,71BC19,----
10348,MLAT,2019-12-21 15:08:44.323128,2019.12.21 15:08:44.323128,10348,15,8,44,37.51408339,126.40891671,411,516,98.538381,327.116294,4312,AAR286,54524,1012,-2674.5,5726.0,-53.5,82.75,----,----,----,116,101,71BC19,----
10366,MLAT,2019-12-21 15:08:45.323128,2019.12.21 15:08:45.323128,10366,15,8,45,37.51485586,126.40830517,419,544,100.971531,327.332963,4312,AAR286,54525,1012,-2728.5,5812.0,-54.5,85.0,----,----,----,116,101,71BC19,----
10384,MLAT,2019-12-21 15:08:46.323128,2019.12.21 15:08:46.323128,10384,15,8,46,37.51566589,126.40767217,434,542,102.083299,327.399666,4312,AAR286,54526,1012,-2784.5,5901.5,-55.0,86.0,----,----,----,116,101,71BC19,----
10402,MLAT,2019-12-21 15:08:46.798840,2019.12.21 15:08:46.798840,10402,15,8,46,37.51644909,126.40704453,441,552,102.5637,327.2396,4312,AAR286,54526,1012,-2840.0,5988.5,-55.5,86.25,----,----,----,116,101,71BC19,----
10420,MLAT,2019-12-21 15:08:47.798840,2019.12.21 15:08:47.798840,10420,15,8,47,37.51720011,126.40645444,457,550,101.070829,328.039684,4312,AAR286,54527,1012,-2892.5,6072.0,-53.5,85.75,----,----,----,116,101,71BC19,----
10438,MLAT,2019-12-21 15:08:48.798840,2019.12.21 15:08:48.798840,10438,15,8,48,37.51799405,126.40583217,464,548,100.169856,328.055247,4312,AAR286,54528,1012,-2947.0,6160.5,-53.0,85.0,----,----,----,116,101,71BC19,----
10456,MLAT,2019-12-21 15:08:49.798840,2019.12.21 15:08:49.798840,10456,15,8,49,37.51875043,126.40519917,472,548,101.588016,327.052976,4312,AAR286,54529,1012,-3003.0,6244.0,-55.25,85.25,----,----,----,116,101,71BC19,----
10474,MLAT,2019-12-21 15:08:50.798840,2019.12.21 15:08:50.798840,10474,15,8,50,37.51948535,126.40458226,480,556,101.306774,325.760914,4312,AAR286,54530,1012,-3057.5,6325.5,-57.0,83.75,----,----,----,116,101,71BC19,----
10492,MLAT,2019-12-21 15:08:51.798840,2019.12.21 15:08:51.798840,10492,15,8,51,37.52022564,126.40399218,495,573,98.667687,326.470988,4312,AAR286,54531,1012,-3110.0,6408.0,-54.5,82.25,----,----,----,116,101,71BC19,----
10510,MLAT,2019-12-21 15:08:52.798840,2019.12.21 15:08:52.798840,10510,15,8,52,37.52099812,126.40335381,502,586,100.887623,326.624958,4312,AAR286,54532,1012,-3166.0,6493.5,-55.5,84.25,----,----,----,116,101,71BC19,----
10528,MLAT,2019-12-21 15:08:53.274552,2019.12.21 15:08:53.274552,10528,15,8,53,37.52177596,126.40273154,510,586,99.848948,326.7476,4312,AAR286,54533,1012,-3221.0,6580.0,-54.75,83.5,----,----,----,116,101,71BC19,----
10546,MLAT,2019-12-21 15:08:54.274552,2019.12.21 15:08:54.274552,10546,15,8,54,37.52250552,126.4021039,518,582,100.54632,325.63822,4312,AAR286,54534,1012,-3277.0,6661.0,-56.75,83.0,----,----,----,116,101,71BC19,----
10564,MLAT,2019-12-21 15:08:55.274552,2019.12.21 15:08:55.274552,10564,15,8,55,37.52328336,126.40151381,525,592,100.146455,327.539778,4312,AAR286,54535,1012,-3329.0,6747.5,-53.75,84.5,----,----,----,116,101,71BC19,----
10582,MLAT,2019-12-21 15:08:56.274552,2019.12.21 15:08:56.274552,10582,15,8,56,37.52407193,126.40086472,533,598,100.822864,326.940397,4312,AAR286,54536,1012,-3386.0,6835.0,-55.0,84.5,----,----,----,116,101,71BC19,----
10600,MLAT,2019-12-21 15:08:57.274552,2019.12.21 15:08:57.274552,10600,15,8,57,37.52489805,126.40022635,533,609,103.350133,327.847705,4312,AAR286,54537,1012,-3442.5,6927.0,-55.0,87.5,----,----,----,116,101,71BC19,----
10618,MLAT,2019-12-21 15:08:58.274552,2019.12.21 15:08:58.274552,10618,15,8,58,37.52553105,126.39965236,548,651,95.410953,325.893546,4312,AAR286,54538,1012,-3493.0,6997.5,-53.5,79.0,----,----,----,116,101,71BC19,----
10636,MLAT,2019-12-21 15:08:59.274552,2019.12.21 15:08:59.274552,10636,15,8,59,37.52623379,126.39905691,548,678,93.955442,325.844811,4312,AAR286,54539,1012,-3546.0,7075.0,-52.75,77.75,----,----,----,116,101,71BC19,----
